Method,Job,AnalyzeLaunchVariance,EvaluateOverhead,MaxAbsoluteError,MaxRelativeError,MinInvokeCount,MinIterationTime,OutlierMode,Affinity,EnvironmentVariables,Jit,Platform,PowerPlanMode,Runtime,AllowVeryLargeObjects,Concurrent,CpuGroups,Force,HeapAffinitizeMask,HeapCount,NoAffinitize,RetainVm,Server,Arguments,BuildConfiguration,Clock,EngineFactory,NuGetReferences,Toolchain,IsMutator,InvocationCount,IterationCount,IterationTime,LaunchCount,MaxIterationCount,MaxWarmupIterationCount,MemoryRandomization,MinIterationCount,MinWarmupIterationCount,RunStrategy,UnrollFactor,WarmupCount,ObjectsPerSave,SaveIterations,Mean,Error,StdDev,Median,Gen 0,Gen 1,Gen 2,Allocated
NpgSqlInsert_SingularCommand_TypedValue_Prepared,DefaultJob,False,Default,Default,Default,Default,Default,Default,111111,Empty,RyuJit,X64,8c5e7fda-e8bf-4a96-9a85-a6e23a8c635c,.NET 6.0,False,True,False,True,Default,Default,False,False,False,Default,Default,Default,Default,Default,Default,Default,1,Default,Default,Default,Default,Default,Default,Default,Default,Default,16,Default,1,10,7.389 ms,0.3061 ms,0.8978 ms,7.422 ms,-,-,-,5 KB
NpgSqlInsert_SingularCommand_Boxed_NpgsqlDbType_NpgsqlValue_Prepared_Async,DefaultJob,False,Default,Default,Default,Default,Default,Default,111111,Empty,RyuJit,X64,8c5e7fda-e8bf-4a96-9a85-a6e23a8c635c,.NET 6.0,False,True,False,True,Default,Default,False,False,False,Default,Default,Default,Default,Default,Default,Default,1,Default,Default,Default,Default,Default,Default,Default,Default,Default,16,Default,1,10,7.607 ms,0.2594 ms,0.7483 ms,7.572 ms,-,-,-,17 KB
NpgSqlInsert_SingularCommand_Boxed_NpgsqlDbType_NpgsqlValue_Prepared,DefaultJob,False,Default,Default,Default,Default,Default,Default,111111,Empty,RyuJit,X64,8c5e7fda-e8bf-4a96-9a85-a6e23a8c635c,.NET 6.0,False,True,False,True,Default,Default,False,False,False,Default,Default,Default,Default,Default,Default,Default,1,Default,Default,Default,Default,Default,Default,Default,Default,Default,16,Default,1,10,7.614 ms,0.2180 ms,0.6324 ms,7.609 ms,-,-,-,6 KB
NpgsqlInsert_Batched_Boxed_Value,DefaultJob,False,Default,Default,Default,Default,Default,Default,111111,Empty,RyuJit,X64,8c5e7fda-e8bf-4a96-9a85-a6e23a8c635c,.NET 6.0,False,True,False,True,Default,Default,False,False,False,Default,Default,Default,Default,Default,Default,Default,1,Default,Default,Default,Default,Default,Default,Default,Default,Default,16,Default,1,10,7.860 ms,0.2671 ms,0.7834 ms,7.839 ms,-,-,-,17 KB
NpgSqlInsert_SingularCommand_Boxed_NpgsqlDbType_NpgsqlValue,DefaultJob,False,Default,Default,Default,Default,Default,Default,111111,Empty,RyuJit,X64,8c5e7fda-e8bf-4a96-9a85-a6e23a8c635c,.NET 6.0,False,True,False,True,Default,Default,False,False,False,Default,Default,Default,Default,Default,Default,Default,1,Default,Default,Default,Default,Default,Default,Default,Default,Default,16,Default,1,10,8.220 ms,0.3287 ms,0.9587 ms,8.249 ms,-,-,-,18 KB
NpgsqlInsert_Batched_Boxed_NpgsqlDbType_Value,DefaultJob,False,Default,Default,Default,Default,Default,Default,111111,Empty,RyuJit,X64,8c5e7fda-e8bf-4a96-9a85-a6e23a8c635c,.NET 6.0,False,True,False,True,Default,Default,False,False,False,Default,Default,Default,Default,Default,Default,Default,1,Default,Default,Default,Default,Default,Default,Default,Default,Default,16,Default,1,10,8.283 ms,0.2834 ms,0.8221 ms,8.245 ms,-,-,-,17 KB
NpgSqlInsert_SingularCommand_TypedValue,DefaultJob,False,Default,Default,Default,Default,Default,Default,111111,Empty,RyuJit,X64,8c5e7fda-e8bf-4a96-9a85-a6e23a8c635c,.NET 6.0,False,True,False,True,Default,Default,False,False,False,Default,Default,Default,Default,Default,Default,Default,1,Default,Default,Default,Default,Default,Default,Default,Default,Default,16,Default,1,10,8.487 ms,0.3335 ms,0.9782 ms,8.488 ms,-,-,-,18 KB
NpgsqlCopy,DefaultJob,False,Default,Default,Default,Default,Default,Default,111111,Empty,RyuJit,X64,8c5e7fda-e8bf-4a96-9a85-a6e23a8c635c,.NET 6.0,False,True,False,True,Default,Default,False,False,False,Default,Default,Default,Default,Default,Default,Default,1,Default,Default,Default,Default,Default,Default,Default,Default,Default,16,Default,2,10,8.488 ms,0.3149 ms,0.8985 ms,8.385 ms,-,-,-,18 KB
NpgsqlCopy,DefaultJob,False,Default,Default,Default,Default,Default,Default,111111,Empty,RyuJit,X64,8c5e7fda-e8bf-4a96-9a85-a6e23a8c635c,.NET 6.0,False,True,False,True,Default,Default,False,False,False,Default,Default,Default,Default,Default,Default,Default,1,Default,Default,Default,Default,Default,Default,Default,Default,Default,16,Default,10,10,8.493 ms,0.3423 ms,0.9931 ms,8.380 ms,-,-,-,31 KB
NpgsqlCopyAsync,DefaultJob,False,Default,Default,Default,Default,Default,Default,111111,Empty,RyuJit,X64,8c5e7fda-e8bf-4a96-9a85-a6e23a8c635c,.NET 6.0,False,True,False,True,Default,Default,False,False,False,Default,Default,Default,Default,Default,Default,Default,1,Default,Default,Default,Default,Default,Default,Default,Default,Default,16,Default,2,10,8.511 ms,0.4514 ms,1.2804 ms,8.399 ms,-,-,-,32 KB
NpgsqlInsert_Batched_Boxed_NpgsqlDbType_Value,DefaultJob,False,Default,Default,Default,Default,Default,Default,111111,Empty,RyuJit,X64,8c5e7fda-e8bf-4a96-9a85-a6e23a8c635c,.NET 6.0,False,True,False,True,Default,Default,False,False,False,Default,Default,Default,Default,Default,Default,Default,1,Default,Default,Default,Default,Default,Default,Default,Default,Default,16,Default,2,10,8.513 ms,0.2883 ms,0.8317 ms,8.467 ms,-,-,-,28 KB
NpgsqlInsert_Batched_Boxed_NpgsqlDbType_NpgsqlValue,DefaultJob,False,Default,Default,Default,Default,Default,Default,111111,Empty,RyuJit,X64,8c5e7fda-e8bf-4a96-9a85-a6e23a8c635c,.NET 6.0,False,True,False,True,Default,Default,False,False,False,Default,Default,Default,Default,Default,Default,Default,1,Default,Default,Default,Default,Default,Default,Default,Default,Default,16,Default,1,10,8.522 ms,0.3300 ms,0.9520 ms,8.435 ms,-,-,-,17 KB
NpgsqlCopyToPartitionTable,DefaultJob,False,Default,Default,Default,Default,Default,Default,111111,Empty,RyuJit,X64,8c5e7fda-e8bf-4a96-9a85-a6e23a8c635c,.NET 6.0,False,True,False,True,Default,Default,False,False,False,Default,Default,Default,Default,Default,Default,Default,1,Default,Default,Default,Default,Default,Default,Default,Default,Default,16,Default,2,10,8.622 ms,0.3767 ms,1.0989 ms,8.471 ms,-,-,-,19 KB
NpgsqlCopyToPartitionTable,DefaultJob,False,Default,Default,Default,Default,Default,Default,111111,Empty,RyuJit,X64,8c5e7fda-e8bf-4a96-9a85-a6e23a8c635c,.NET 6.0,False,True,False,True,Default,Default,False,False,False,Default,Default,Default,Default,Default,Default,Default,1,Default,Default,Default,Default,Default,Default,Default,Default,Default,16,Default,10,10,8.633 ms,0.4077 ms,1.1827 ms,8.622 ms,-,-,-,31 KB
NpgsqlInsert_Batched_TypedValue,DefaultJob,False,Default,Default,Default,Default,Default,Default,111111,Empty,RyuJit,X64,8c5e7fda-e8bf-4a96-9a85-a6e23a8c635c,.NET 6.0,False,True,False,True,Default,Default,False,False,False,Default,Default,Default,Default,Default,Default,Default,1,Default,Default,Default,Default,Default,Default,Default,Default,Default,16,Default,2,10,8.714 ms,0.2948 ms,0.8553 ms,8.771 ms,-,-,-,28 KB
NpgsqlCopyAsync,DefaultJob,False,Default,Default,Default,Default,Default,Default,111111,Empty,RyuJit,X64,8c5e7fda-e8bf-4a96-9a85-a6e23a8c635c,.NET 6.0,False,True,False,True,Default,Default,False,False,False,Default,Default,Default,Default,Default,Default,Default,1,Default,Default,Default,Default,Default,Default,Default,Default,Default,16,Default,10,10,8.784 ms,0.3637 ms,1.0495 ms,8.683 ms,7.8125,-,-,44 KB
NpgsqlInsert_Batched_Boxed_Value,DefaultJob,False,Default,Default,Default,Default,Default,Default,111111,Empty,RyuJit,X64,8c5e7fda-e8bf-4a96-9a85-a6e23a8c635c,.NET 6.0,False,True,False,True,Default,Default,False,False,False,Default,Default,Default,Default,Default,Default,Default,1,Default,Default,Default,Default,Default,Default,Default,Default,Default,16,Default,2,10,8.830 ms,0.2743 ms,0.8001 ms,8.864 ms,-,-,-,28 KB
NpgsqlInsert_Batched_Boxed_NpgsqlDbType_NpgsqlValue,DefaultJob,False,Default,Default,Default,Default,Default,Default,111111,Empty,RyuJit,X64,8c5e7fda-e8bf-4a96-9a85-a6e23a8c635c,.NET 6.0,False,True,False,True,Default,Default,False,False,False,Default,Default,Default,Default,Default,Default,Default,1,Default,Default,Default,Default,Default,Default,Default,Default,Default,16,Default,2,10,8.866 ms,0.3034 ms,0.8753 ms,8.942 ms,-,-,-,28 KB
NpgsqlInsert_Batched_TypedValue,DefaultJob,False,Default,Default,Default,Default,Default,Default,111111,Empty,RyuJit,X64,8c5e7fda-e8bf-4a96-9a85-a6e23a8c635c,.NET 6.0,False,True,False,True,Default,Default,False,False,False,Default,Default,Default,Default,Default,Default,Default,1,Default,Default,Default,Default,Default,Default,Default,Default,Default,16,Default,1,10,8.884 ms,0.3914 ms,1.1417 ms,8.913 ms,-,-,-,17 KB
NpgsqlCopy,DefaultJob,False,Default,Default,Default,Default,Default,Default,111111,Empty,RyuJit,X64,8c5e7fda-e8bf-4a96-9a85-a6e23a8c635c,.NET 6.0,False,True,False,True,Default,Default,False,False,False,Default,Default,Default,Default,Default,Default,Default,1,Default,Default,Default,Default,Default,Default,Default,Default,Default,16,Default,1,10,9.077 ms,0.4424 ms,1.2764 ms,8.920 ms,-,-,-,17 KB
NpgsqlCopyAsync,DefaultJob,False,Default,Default,Default,Default,Default,Default,111111,Empty,RyuJit,X64,8c5e7fda-e8bf-4a96-9a85-a6e23a8c635c,.NET 6.0,False,True,False,True,Default,Default,False,False,False,Default,Default,Default,Default,Default,Default,Default,1,Default,Default,Default,Default,Default,Default,Default,Default,Default,16,Default,1,10,9.491 ms,0.6669 ms,1.9558 ms,8.711 ms,-,-,-,30 KB
NpgsqlCopyToPartitionTable,DefaultJob,False,Default,Default,Default,Default,Default,Default,111111,Empty,RyuJit,X64,8c5e7fda-e8bf-4a96-9a85-a6e23a8c635c,.NET 6.0,False,True,False,True,Default,Default,False,False,False,Default,Default,Default,Default,Default,Default,Default,1,Default,Default,Default,Default,Default,Default,Default,Default,Default,16,Default,1,10,9.673 ms,0.5675 ms,1.6464 ms,9.653 ms,-,-,-,17 KB
EfCoreInsert_NoAutoDetectChanges_NoQueryTracking,DefaultJob,False,Default,Default,Default,Default,Default,Default,111111,Empty,RyuJit,X64,8c5e7fda-e8bf-4a96-9a85-a6e23a8c635c,.NET 6.0,False,True,False,True,Default,Default,False,False,False,Default,Default,Default,Default,Default,Default,Default,1,Default,Default,Default,Default,Default,Default,Default,Default,Default,16,Default,2,10,9.787 ms,0.4636 ms,1.3226 ms,9.707 ms,46.8750,-,-,239 KB
EfCoreInsert,DefaultJob,False,Default,Default,Default,Default,Default,Default,111111,Empty,RyuJit,X64,8c5e7fda-e8bf-4a96-9a85-a6e23a8c635c,.NET 6.0,False,True,False,True,Default,Default,False,False,False,Default,Default,Default,Default,Default,Default,Default,1,Default,Default,Default,Default,Default,Default,Default,Default,Default,16,Default,1,10,9.933 ms,0.4946 ms,1.4190 ms,9.874 ms,39.0625,-,-,210 KB
EfCoreInsert,DefaultJob,False,Default,Default,Default,Default,Default,Default,111111,Empty,RyuJit,X64,8c5e7fda-e8bf-4a96-9a85-a6e23a8c635c,.NET 6.0,False,True,False,True,Default,Default,False,False,False,Default,Default,Default,Default,Default,Default,Default,1,Default,Default,Default,Default,Default,Default,Default,Default,Default,16,Default,2,10,10.320 ms,0.6146 ms,1.7534 ms,9.983 ms,62.5000,-,-,328 KB
EfCoreInsert_NoAutoDetectChanges_NoQueryTracking,DefaultJob,False,Default,Default,Default,Default,Default,Default,111111,Empty,RyuJit,X64,8c5e7fda-e8bf-4a96-9a85-a6e23a8c635c,.NET 6.0,False,True,False,True,Default,Default,False,False,False,Default,Default,Default,Default,Default,Default,Default,1,Default,Default,Default,Default,Default,Default,Default,Default,Default,16,Default,1,10,10.476 ms,0.7894 ms,2.3028 ms,9.846 ms,31.2500,-,-,165 KB
NpgsqlInsert_Batched_Boxed_NpgsqlDbType_Value,DefaultJob,False,Default,Default,Default,Default,Default,Default,111111,Empty,RyuJit,X64,8c5e7fda-e8bf-4a96-9a85-a6e23a8c635c,.NET 6.0,False,True,False,True,Default,Default,False,False,False,Default,Default,Default,Default,Default,Default,Default,1,Default,Default,Default,Default,Default,Default,Default,Default,Default,16,Default,10,10,11.432 ms,0.5864 ms,1.7106 ms,11.615 ms,15.6250,-,-,121 KB
NpgsqlCopyToPartitionTable,DefaultJob,False,Default,Default,Default,Default,Default,Default,111111,Empty,RyuJit,X64,8c5e7fda-e8bf-4a96-9a85-a6e23a8c635c,.NET 6.0,False,True,False,True,Default,Default,False,False,False,Default,Default,Default,Default,Default,Default,Default,1,Default,Default,Default,Default,Default,Default,Default,Default,Default,16,Default,100,10,11.825 ms,0.6932 ms,2.0220 ms,11.457 ms,31.2500,-,-,172 KB
NpgsqlInsert_Batched_Boxed_Value,DefaultJob,False,Default,Default,Default,Default,Default,Default,111111,Empty,RyuJit,X64,8c5e7fda-e8bf-4a96-9a85-a6e23a8c635c,.NET 6.0,False,True,False,True,Default,Default,False,False,False,Default,Default,Default,Default,Default,Default,Default,1,Default,Default,Default,Default,Default,Default,Default,Default,Default,16,Default,10,10,12.099 ms,0.4814 ms,1.3811 ms,12.002 ms,15.6250,-,-,121 KB
NpgsqlInsert_Batched_Boxed_NpgsqlDbType_NpgsqlValue,DefaultJob,False,Default,Default,Default,Default,Default,Default,111111,Empty,RyuJit,X64,8c5e7fda-e8bf-4a96-9a85-a6e23a8c635c,.NET 6.0,False,True,False,True,Default,Default,False,False,False,Default,Default,Default,Default,Default,Default,Default,1,Default,Default,Default,Default,Default,Default,Default,Default,Default,16,Default,10,10,12.434 ms,0.5515 ms,1.6261 ms,12.431 ms,15.6250,-,-,121 KB
NpgsqlCopy,DefaultJob,False,Default,Default,Default,Default,Default,Default,111111,Empty,RyuJit,X64,8c5e7fda-e8bf-4a96-9a85-a6e23a8c635c,.NET 6.0,False,True,False,True,Default,Default,False,False,False,Default,Default,Default,Default,Default,Default,Default,1,Default,Default,Default,Default,Default,Default,Default,Default,Default,16,Default,100,10,12.541 ms,0.5640 ms,1.6182 ms,12.360 ms,31.2500,-,-,171 KB
NpgsqlInsert_Batched_TypedValue,DefaultJob,False,Default,Default,Default,Default,Default,Default,111111,Empty,RyuJit,X64,8c5e7fda-e8bf-4a96-9a85-a6e23a8c635c,.NET 6.0,False,True,False,True,Default,Default,False,False,False,Default,Default,Default,Default,Default,Default,Default,1,Default,Default,Default,Default,Default,Default,Default,Default,Default,16,Default,10,10,12.745 ms,0.4876 ms,1.4069 ms,12.610 ms,15.6250,-,-,119 KB
NpgsqlCopyAsync,DefaultJob,False,Default,Default,Default,Default,Default,Default,111111,Empty,RyuJit,X64,8c5e7fda-e8bf-4a96-9a85-a6e23a8c635c,.NET 6.0,False,True,False,True,Default,Default,False,False,False,Default,Default,Default,Default,Default,Default,Default,1,Default,Default,Default,Default,Default,Default,Default,Default,Default,16,Default,100,10,13.212 ms,0.6042 ms,1.7529 ms,13.273 ms,31.2500,-,-,185 KB
NpgSqlInsert_SingularCommand_TypedValue_Prepared,DefaultJob,False,Default,Default,Default,Default,Default,Default,111111,Empty,RyuJit,X64,8c5e7fda-e8bf-4a96-9a85-a6e23a8c635c,.NET 6.0,False,True,False,True,Default,Default,False,False,False,Default,Default,Default,Default,Default,Default,Default,1,Default,Default,Default,Default,Default,Default,Default,Default,Default,16,Default,2,10,14.093 ms,0.5125 ms,1.4868 ms,13.875 ms,-,-,-,9 KB
EfCoreInsert_NoAutoDetectChanges_NoQueryTracking,DefaultJob,False,Default,Default,Default,Default,Default,Default,111111,Empty,RyuJit,X64,8c5e7fda-e8bf-4a96-9a85-a6e23a8c635c,.NET 6.0,False,True,False,True,Default,Default,False,False,False,Default,Default,Default,Default,Default,Default,Default,1,Default,Default,Default,Default,Default,Default,Default,Default,Default,16,Default,10,10,14.119 ms,1.3719 ms,3.9802 ms,13.029 ms,156.2500,31.2500,-,834 KB
NpgSqlInsert_SingularCommand_Boxed_NpgsqlDbType_NpgsqlValue_Prepared,DefaultJob,False,Default,Default,Default,Default,Default,Default,111111,Empty,RyuJit,X64,8c5e7fda-e8bf-4a96-9a85-a6e23a8c635c,.NET 6.0,False,True,False,True,Default,Default,False,False,False,Default,Default,Default,Default,Default,Default,Default,1,Default,Default,Default,Default,Default,Default,Default,Default,Default,16,Default,2,10,14.753 ms,0.4039 ms,1.1782 ms,14.612 ms,-,-,-,10 KB
NpgSqlInsert_SingularCommand_Boxed_NpgsqlDbType_NpgsqlValue_Prepared_Async,DefaultJob,False,Default,Default,Default,Default,Default,Default,111111,Empty,RyuJit,X64,8c5e7fda-e8bf-4a96-9a85-a6e23a8c635c,.NET 6.0,False,True,False,True,Default,Default,False,False,False,Default,Default,Default,Default,Default,Default,Default,1,Default,Default,Default,Default,Default,Default,Default,Default,Default,16,Default,2,10,14.909 ms,0.4430 ms,1.2568 ms,14.879 ms,-,-,-,31 KB
NpgSqlInsert_SingularCommand_TypedValue,DefaultJob,False,Default,Default,Default,Default,Default,Default,111111,Empty,RyuJit,X64,8c5e7fda-e8bf-4a96-9a85-a6e23a8c635c,.NET 6.0,False,True,False,True,Default,Default,False,False,False,Default,Default,Default,Default,Default,Default,Default,1,Default,Default,Default,Default,Default,Default,Default,Default,Default,16,Default,2,10,15.985 ms,0.5169 ms,1.5078 ms,15.896 ms,-,-,-,35 KB
EfCoreInsert,DefaultJob,False,Default,Default,Default,Default,Default,Default,111111,Empty,RyuJit,X64,8c5e7fda-e8bf-4a96-9a85-a6e23a8c635c,.NET 6.0,False,True,False,True,Default,Default,False,False,False,Default,Default,Default,Default,Default,Default,Default,1,Default,Default,Default,Default,Default,Default,Default,Default,Default,16,Default,10,10,16.264 ms,0.8828 ms,2.5187 ms,16.154 ms,250.0000,62.5000,-,"1,271 KB"
NpgSqlInsert_SingularCommand_Boxed_NpgsqlDbType_NpgsqlValue,DefaultJob,False,Default,Default,Default,Default,Default,Default,111111,Empty,RyuJit,X64,8c5e7fda-e8bf-4a96-9a85-a6e23a8c635c,.NET 6.0,False,True,False,True,Default,Default,False,False,False,Default,Default,Default,Default,Default,Default,Default,1,Default,Default,Default,Default,Default,Default,Default,Default,Default,16,Default,2,10,16.410 ms,0.5310 ms,1.5321 ms,16.597 ms,-,-,-,35 KB
NpgsqlCopyWithWork,DefaultJob,False,Default,Default,Default,Default,Default,Default,111111,Empty,RyuJit,X64,8c5e7fda-e8bf-4a96-9a85-a6e23a8c635c,.NET 6.0,False,True,False,True,Default,Default,False,False,False,Default,Default,Default,Default,Default,Default,Default,1,Default,Default,Default,Default,Default,Default,Default,Default,Default,16,Default,2,10,22.587 ms,1.1090 ms,3.2700 ms,22.349 ms,-,-,-,18 KB
NpgsqlCopyWithWorkAsync,DefaultJob,False,Default,Default,Default,Default,Default,Default,111111,Empty,RyuJit,X64,8c5e7fda-e8bf-4a96-9a85-a6e23a8c635c,.NET 6.0,False,True,False,True,Default,Default,False,False,False,Default,Default,Default,Default,Default,Default,Default,1,Default,Default,Default,Default,Default,Default,Default,Default,Default,16,Default,2,10,22.608 ms,0.5456 ms,1.5829 ms,22.554 ms,-,-,-,32 KB
NpgsqlCopyWithWorkAsync,DefaultJob,False,Default,Default,Default,Default,Default,Default,111111,Empty,RyuJit,X64,8c5e7fda-e8bf-4a96-9a85-a6e23a8c635c,.NET 6.0,False,True,False,True,Default,Default,False,False,False,Default,Default,Default,Default,Default,Default,Default,1,Default,Default,Default,Default,Default,Default,Default,Default,Default,16,Default,10,10,22.608 ms,0.5147 ms,1.5094 ms,22.583 ms,-,-,-,45 KB
NpgsqlCopyWithWorkAsyncConfigureAwaitFalse,DefaultJob,False,Default,Default,Default,Default,Default,Default,111111,Empty,RyuJit,X64,8c5e7fda-e8bf-4a96-9a85-a6e23a8c635c,.NET 6.0,False,True,False,True,Default,Default,False,False,False,Default,Default,Default,Default,Default,Default,Default,1,Default,Default,Default,Default,Default,Default,Default,Default,Default,16,Default,10,10,23.212 ms,0.7548 ms,2.2019 ms,22.914 ms,-,-,-,45 KB
NpgsqlCopyWithWork,DefaultJob,False,Default,Default,Default,Default,Default,Default,111111,Empty,RyuJit,X64,8c5e7fda-e8bf-4a96-9a85-a6e23a8c635c,.NET 6.0,False,True,False,True,Default,Default,False,False,False,Default,Default,Default,Default,Default,Default,Default,1,Default,Default,Default,Default,Default,Default,Default,Default,Default,16,Default,10,10,23.295 ms,1.0845 ms,3.1636 ms,22.958 ms,-,-,-,31 KB
NpgsqlCopyWithWorkAsyncConfigureAwaitFalse,DefaultJob,False,Default,Default,Default,Default,Default,Default,111111,Empty,RyuJit,X64,8c5e7fda-e8bf-4a96-9a85-a6e23a8c635c,.NET 6.0,False,True,False,True,Default,Default,False,False,False,Default,Default,Default,Default,Default,Default,Default,1,Default,Default,Default,Default,Default,Default,Default,Default,Default,16,Default,2,10,23.424 ms,0.7140 ms,2.1053 ms,23.305 ms,-,-,-,32 KB
NpgsqlCopyWithWorkAsyncConfigureAwaitFalse,DefaultJob,False,Default,Default,Default,Default,Default,Default,111111,Empty,RyuJit,X64,8c5e7fda-e8bf-4a96-9a85-a6e23a8c635c,.NET 6.0,False,True,False,True,Default,Default,False,False,False,Default,Default,Default,Default,Default,Default,Default,1,Default,Default,Default,Default,Default,Default,Default,Default,Default,16,Default,1,10,24.123 ms,0.7089 ms,2.0678 ms,23.942 ms,-,-,-,31 KB
NpgsqlCopyWithWorkAsync,DefaultJob,False,Default,Default,Default,Default,Default,Default,111111,Empty,RyuJit,X64,8c5e7fda-e8bf-4a96-9a85-a6e23a8c635c,.NET 6.0,False,True,False,True,Default,Default,False,False,False,Default,Default,Default,Default,Default,Default,Default,1,Default,Default,Default,Default,Default,Default,Default,Default,Default,16,Default,1,10,24.183 ms,0.7393 ms,2.1682 ms,23.925 ms,-,-,-,31 KB
NpgsqlCopyWithWorkAsync,DefaultJob,False,Default,Default,Default,Default,Default,Default,111111,Empty,RyuJit,X64,8c5e7fda-e8bf-4a96-9a85-a6e23a8c635c,.NET 6.0,False,True,False,True,Default,Default,False,False,False,Default,Default,Default,Default,Default,Default,Default,1,Default,Default,Default,Default,Default,Default,Default,Default,Default,16,Default,100,10,25.228 ms,0.7817 ms,2.2177 ms,25.214 ms,31.2500,-,-,185 KB
NpgsqlCopyWithWorkAsyncConfigureAwaitFalse,DefaultJob,False,Default,Default,Default,Default,Default,Default,111111,Empty,RyuJit,X64,8c5e7fda-e8bf-4a96-9a85-a6e23a8c635c,.NET 6.0,False,True,False,True,Default,Default,False,False,False,Default,Default,Default,Default,Default,Default,Default,1,Default,Default,Default,Default,Default,Default,Default,Default,Default,16,Default,100,10,25.234 ms,1.0066 ms,2.9204 ms,24.442 ms,-,-,-,185 KB
NpgsqlCopyWithWork,DefaultJob,False,Default,Default,Default,Default,Default,Default,111111,Empty,RyuJit,X64,8c5e7fda-e8bf-4a96-9a85-a6e23a8c635c,.NET 6.0,False,True,False,True,Default,Default,False,False,False,Default,Default,Default,Default,Default,Default,Default,1,Default,Default,Default,Default,Default,Default,Default,Default,Default,16,Default,1,10,25.257 ms,1.4324 ms,4.1783 ms,25.391 ms,-,-,-,17 KB
NpgsqlCopyWithWork,DefaultJob,False,Default,Default,Default,Default,Default,Default,111111,Empty,RyuJit,X64,8c5e7fda-e8bf-4a96-9a85-a6e23a8c635c,.NET 6.0,False,True,False,True,Default,Default,False,False,False,Default,Default,Default,Default,Default,Default,Default,1,Default,Default,Default,Default,Default,Default,Default,Default,Default,16,Default,100,10,25.653 ms,1.6145 ms,4.7097 ms,24.583 ms,-,-,-,172 KB
NpgsqlInsert_Batched_Boxed_Value,DefaultJob,False,Default,Default,Default,Default,Default,Default,111111,Empty,RyuJit,X64,8c5e7fda-e8bf-4a96-9a85-a6e23a8c635c,.NET 6.0,False,True,False,True,Default,Default,False,False,False,Default,Default,Default,Default,Default,Default,Default,1,Default,Default,Default,Default,Default,Default,Default,Default,Default,16,Default,100,10,27.672 ms,0.5437 ms,1.0983 ms,27.369 ms,250.0000,62.5000,-,"1,165 KB"
NpgsqlInsert_Batched_TypedValue,DefaultJob,False,Default,Default,Default,Default,Default,Default,111111,Empty,RyuJit,X64,8c5e7fda-e8bf-4a96-9a85-a6e23a8c635c,.NET 6.0,False,True,False,True,Default,Default,False,False,False,Default,Default,Default,Default,Default,Default,Default,1,Default,Default,Default,Default,Default,Default,Default,Default,Default,16,Default,100,10,27.709 ms,0.5485 ms,1.3558 ms,27.196 ms,230.7692,76.9231,-,"1,149 KB"
NpgsqlInsert_Batched_Boxed_NpgsqlDbType_Value,DefaultJob,False,Default,Default,Default,Default,Default,Default,111111,Empty,RyuJit,X64,8c5e7fda-e8bf-4a96-9a85-a6e23a8c635c,.NET 6.0,False,True,False,True,Default,Default,False,False,False,Default,Default,Default,Default,Default,Default,Default,1,Default,Default,Default,Default,Default,Default,Default,Default,Default,16,Default,100,10,28.009 ms,0.5511 ms,1.2440 ms,27.804 ms,250.0000,62.5000,-,"1,165 KB"
NpgsqlInsert_Batched_Boxed_NpgsqlDbType_NpgsqlValue,DefaultJob,False,Default,Default,Default,Default,Default,Default,111111,Empty,RyuJit,X64,8c5e7fda-e8bf-4a96-9a85-a6e23a8c635c,.NET 6.0,False,True,False,True,Default,Default,False,False,False,Default,Default,Default,Default,Default,Default,Default,1,Default,Default,Default,Default,Default,Default,Default,Default,Default,16,Default,100,10,28.756 ms,0.6222 ms,1.7752 ms,28.220 ms,250.0000,62.5000,-,"1,165 KB"
EfCoreInsert_NoAutoDetectChanges_NoQueryTracking,DefaultJob,False,Default,Default,Default,Default,Default,Default,111111,Empty,RyuJit,X64,8c5e7fda-e8bf-4a96-9a85-a6e23a8c635c,.NET 6.0,False,True,False,True,Default,Default,False,False,False,Default,Default,Default,Default,Default,Default,Default,1,Default,Default,Default,Default,Default,Default,Default,Default,Default,16,Default,100,10,52.924 ms,2.4648 ms,7.0721 ms,51.759 ms,1272.7273,636.3636,-,"7,500 KB"
EfCoreInsert,DefaultJob,False,Default,Default,Default,Default,Default,Default,111111,Empty,RyuJit,X64,8c5e7fda-e8bf-4a96-9a85-a6e23a8c635c,.NET 6.0,False,True,False,True,Default,Default,False,False,False,Default,Default,Default,Default,Default,Default,Default,1,Default,Default,Default,Default,Default,Default,Default,Default,Default,16,Default,100,10,57.632 ms,2.0989 ms,6.1556 ms,56.418 ms,1888.8889,555.5556,-,"11,843 KB"
NpgSqlInsert_SingularCommand_TypedValue_Prepared,DefaultJob,False,Default,Default,Default,Default,Default,Default,111111,Empty,RyuJit,X64,8c5e7fda-e8bf-4a96-9a85-a6e23a8c635c,.NET 6.0,False,True,False,True,Default,Default,False,False,False,Default,Default,Default,Default,Default,Default,Default,1,Default,Default,Default,Default,Default,Default,Default,Default,Default,16,Default,10,10,70.377 ms,2.4523 ms,7.1534 ms,69.439 ms,-,-,-,36 KB
NpgSqlInsert_SingularCommand_Boxed_NpgsqlDbType_NpgsqlValue_Prepared,DefaultJob,False,Default,Default,Default,Default,Default,Default,111111,Empty,RyuJit,X64,8c5e7fda-e8bf-4a96-9a85-a6e23a8c635c,.NET 6.0,False,True,False,True,Default,Default,False,False,False,Default,Default,Default,Default,Default,Default,Default,1,Default,Default,Default,Default,Default,Default,Default,Default,Default,16,Default,10,10,71.967 ms,2.4015 ms,7.0053 ms,71.591 ms,-,-,-,41 KB
NpgSqlInsert_SingularCommand_Boxed_NpgsqlDbType_NpgsqlValue_Prepared_Async,DefaultJob,False,Default,Default,Default,Default,Default,Default,111111,Empty,RyuJit,X64,8c5e7fda-e8bf-4a96-9a85-a6e23a8c635c,.NET 6.0,False,True,False,True,Default,Default,False,False,False,Default,Default,Default,Default,Default,Default,Default,1,Default,Default,Default,Default,Default,Default,Default,Default,Default,16,Default,10,10,73.697 ms,3.1551 ms,9.2533 ms,73.615 ms,-,-,-,147 KB
NpgSqlInsert_SingularCommand_Boxed_NpgsqlDbType_NpgsqlValue_Prepared,DefaultJob,False,Default,Default,Default,Default,Default,Default,111111,Empty,RyuJit,X64,8c5e7fda-e8bf-4a96-9a85-a6e23a8c635c,.NET 6.0,False,True,False,True,Default,Default,False,False,False,Default,Default,Default,Default,Default,Default,Default,1,Default,Default,Default,Default,Default,Default,Default,Default,Default,16,Default,1,100,75.151 ms,2.7974 ms,8.0712 ms,74.618 ms,-,-,-,41 KB
NpgSqlInsert_SingularCommand_TypedValue_Prepared,DefaultJob,False,Default,Default,Default,Default,Default,Default,111111,Empty,RyuJit,X64,8c5e7fda-e8bf-4a96-9a85-a6e23a8c635c,.NET 6.0,False,True,False,True,Default,Default,False,False,False,Default,Default,Default,Default,Default,Default,Default,1,Default,Default,Default,Default,Default,Default,Default,Default,Default,16,Default,1,100,76.903 ms,2.9750 ms,8.5358 ms,76.921 ms,-,-,-,36 KB
NpgSqlInsert_SingularCommand_Boxed_NpgsqlDbType_NpgsqlValue_Prepared_Async,DefaultJob,False,Default,Default,Default,Default,Default,Default,111111,Empty,RyuJit,X64,8c5e7fda-e8bf-4a96-9a85-a6e23a8c635c,.NET 6.0,False,True,False,True,Default,Default,False,False,False,Default,Default,Default,Default,Default,Default,Default,1,Default,Default,Default,Default,Default,Default,Default,Default,Default,16,Default,1,100,77.455 ms,3.8609 ms,11.3234 ms,74.846 ms,-,-,-,147 KB
NpgSqlInsert_SingularCommand_TypedValue,DefaultJob,False,Default,Default,Default,Default,Default,Default,111111,Empty,RyuJit,X64,8c5e7fda-e8bf-4a96-9a85-a6e23a8c635c,.NET 6.0,False,True,False,True,Default,Default,False,False,False,Default,Default,Default,Default,Default,Default,Default,1,Default,Default,Default,Default,Default,Default,Default,Default,Default,16,Default,10,10,79.085 ms,3.3097 ms,9.5491 ms,78.419 ms,-,-,-,172 KB
NpgSqlInsert_SingularCommand_Boxed_NpgsqlDbType_NpgsqlValue,DefaultJob,False,Default,Default,Default,Default,Default,Default,111111,Empty,RyuJit,X64,8c5e7fda-e8bf-4a96-9a85-a6e23a8c635c,.NET 6.0,False,True,False,True,Default,Default,False,False,False,Default,Default,Default,Default,Default,Default,Default,1,Default,Default,Default,Default,Default,Default,Default,Default,Default,16,Default,10,10,80.709 ms,3.3258 ms,9.8062 ms,79.486 ms,-,-,-,174 KB
NpgsqlCopy,DefaultJob,False,Default,Default,Default,Default,Default,Default,111111,Empty,RyuJit,X64,8c5e7fda-e8bf-4a96-9a85-a6e23a8c635c,.NET 6.0,False,True,False,True,Default,Default,False,False,False,Default,Default,Default,Default,Default,Default,Default,1,Default,Default,Default,Default,Default,Default,Default,Default,Default,16,Default,1,100,80.829 ms,4.0552 ms,11.8293 ms,80.851 ms,-,-,-,164 KB
NpgsqlInsert_Batched_Boxed_NpgsqlDbType_NpgsqlValue,DefaultJob,False,Default,Default,Default,Default,Default,Default,111111,Empty,RyuJit,X64,8c5e7fda-e8bf-4a96-9a85-a6e23a8c635c,.NET 6.0,False,True,False,True,Default,Default,False,False,False,Default,Default,Default,Default,Default,Default,Default,1,Default,Default,Default,Default,Default,Default,Default,Default,Default,16,Default,1,100,81.071 ms,3.5500 ms,10.1283 ms,79.863 ms,-,-,-,169 KB
NpgsqlInsert_Batched_TypedValue,DefaultJob,False,Default,Default,Default,Default,Default,Default,111111,Empty,RyuJit,X64,8c5e7fda-e8bf-4a96-9a85-a6e23a8c635c,.NET 6.0,False,True,False,True,Default,Default,False,False,False,Default,Default,Default,Default,Default,Default,Default,1,Default,Default,Default,Default,Default,Default,Default,Default,Default,16,Default,1,100,81.926 ms,3.7293 ms,10.8195 ms,80.950 ms,-,-,-,167 KB
NpgsqlInsert_Batched_Boxed_NpgsqlDbType_Value,DefaultJob,False,Default,Default,Default,Default,Default,Default,111111,Empty,RyuJit,X64,8c5e7fda-e8bf-4a96-9a85-a6e23a8c635c,.NET 6.0,False,True,False,True,Default,Default,False,False,False,Default,Default,Default,Default,Default,Default,Default,1,Default,Default,Default,Default,Default,Default,Default,Default,Default,16,Default,1,100,82.569 ms,3.2659 ms,9.6297 ms,81.477 ms,-,-,-,168 KB
NpgsqlCopyAsync,DefaultJob,False,Default,Default,Default,Default,Default,Default,111111,Empty,RyuJit,X64,8c5e7fda-e8bf-4a96-9a85-a6e23a8c635c,.NET 6.0,False,True,False,True,Default,Default,False,False,False,Default,Default,Default,Default,Default,Default,Default,1,Default,Default,Default,Default,Default,Default,Default,Default,Default,16,Default,1,100,82.621 ms,4.4623 ms,12.8748 ms,80.862 ms,-,-,-,297 KB
NpgsqlInsert_Batched_Boxed_Value,DefaultJob,False,Default,Default,Default,Default,Default,Default,111111,Empty,RyuJit,X64,8c5e7fda-e8bf-4a96-9a85-a6e23a8c635c,.NET 6.0,False,True,False,True,Default,Default,False,False,False,Default,Default,Default,Default,Default,Default,Default,1,Default,Default,Default,Default,Default,Default,Default,Default,Default,16,Default,1,100,84.430 ms,3.7234 ms,10.9787 ms,83.940 ms,-,-,-,168 KB
NpgsqlCopyToPartitionTable,DefaultJob,False,Default,Default,Default,Default,Default,Default,111111,Empty,RyuJit,X64,8c5e7fda-e8bf-4a96-9a85-a6e23a8c635c,.NET 6.0,False,True,False,True,Default,Default,False,False,False,Default,Default,Default,Default,Default,Default,Default,1,Default,Default,Default,Default,Default,Default,Default,Default,Default,16,Default,10,100,84.444 ms,3.3412 ms,9.5325 ms,84.733 ms,-,-,-,309 KB
NpgSqlInsert_SingularCommand_Boxed_NpgsqlDbType_NpgsqlValue,DefaultJob,False,Default,Default,Default,Default,Default,Default,111111,Empty,RyuJit,X64,8c5e7fda-e8bf-4a96-9a85-a6e23a8c635c,.NET 6.0,False,True,False,True,Default,Default,False,False,False,Default,Default,Default,Default,Default,Default,Default,1,Default,Default,Default,Default,Default,Default,Default,Default,Default,16,Default,1,100,84.691 ms,4.1951 ms,12.2374 ms,82.207 ms,-,-,-,174 KB
NpgsqlCopyToPartitionTable,DefaultJob,False,Default,Default,Default,Default,Default,Default,111111,Empty,RyuJit,X64,8c5e7fda-e8bf-4a96-9a85-a6e23a8c635c,.NET 6.0,False,True,False,True,Default,Default,False,False,False,Default,Default,Default,Default,Default,Default,Default,1,Default,Default,Default,Default,Default,Default,Default,Default,Default,16,Default,2,100,85.341 ms,4.6991 ms,13.7817 ms,83.596 ms,-,-,-,184 KB
NpgSqlInsert_SingularCommand_TypedValue,DefaultJob,False,Default,Default,Default,Default,Default,Default,111111,Empty,RyuJit,X64,8c5e7fda-e8bf-4a96-9a85-a6e23a8c635c,.NET 6.0,False,True,False,True,Default,Default,False,False,False,Default,Default,Default,Default,Default,Default,Default,1,Default,Default,Default,Default,Default,Default,Default,Default,Default,16,Default,1,100,86.282 ms,3.8741 ms,11.3009 ms,86.690 ms,-,-,-,172 KB
NpgsqlCopyAsync,DefaultJob,False,Default,Default,Default,Default,Default,Default,111111,Empty,RyuJit,X64,8c5e7fda-e8bf-4a96-9a85-a6e23a8c635c,.NET 6.0,False,True,False,True,Default,Default,False,False,False,Default,Default,Default,Default,Default,Default,Default,1,Default,Default,Default,Default,Default,Default,Default,Default,Default,16,Default,10,100,87.022 ms,4.3142 ms,12.4473 ms,84.884 ms,-,-,-,439 KB
NpgsqlCopyToPartitionTable,DefaultJob,False,Default,Default,Default,Default,Default,Default,111111,Empty,RyuJit,X64,8c5e7fda-e8bf-4a96-9a85-a6e23a8c635c,.NET 6.0,False,True,False,True,Default,Default,False,False,False,Default,Default,Default,Default,Default,Default,Default,1,Default,Default,Default,Default,Default,Default,Default,Default,Default,16,Default,1,100,88.900 ms,4.5950 ms,13.4039 ms,87.653 ms,-,-,-,168 KB
NpgsqlCopy,DefaultJob,False,Default,Default,Default,Default,Default,Default,111111,Empty,RyuJit,X64,8c5e7fda-e8bf-4a96-9a85-a6e23a8c635c,.NET 6.0,False,True,False,True,Default,Default,False,False,False,Default,Default,Default,Default,Default,Default,Default,1,Default,Default,Default,Default,Default,Default,Default,Default,Default,16,Default,2,100,89.231 ms,5.2517 ms,15.1523 ms,89.327 ms,-,-,-,180 KB
NpgsqlInsert_Batched_Boxed_Value,DefaultJob,False,Default,Default,Default,Default,Default,Default,111111,Empty,RyuJit,X64,8c5e7fda-e8bf-4a96-9a85-a6e23a8c635c,.NET 6.0,False,True,False,True,Default,Default,False,False,False,Default,Default,Default,Default,Default,Default,Default,1,Default,Default,Default,Default,Default,Default,Default,Default,Default,16,Default,2,100,91.654 ms,3.4918 ms,10.1858 ms,89.455 ms,-,-,-,282 KB
NpgsqlInsert_Batched_TypedValue,DefaultJob,False,Default,Default,Default,Default,Default,Default,111111,Empty,RyuJit,X64,8c5e7fda-e8bf-4a96-9a85-a6e23a8c635c,.NET 6.0,False,True,False,True,Default,Default,False,False,False,Default,Default,Default,Default,Default,Default,Default,1,Default,Default,Default,Default,Default,Default,Default,Default,Default,16,Default,2,100,92.092 ms,4.4397 ms,13.0209 ms,89.911 ms,-,-,-,279 KB
NpgsqlInsert_Batched_Boxed_NpgsqlDbType_NpgsqlValue,DefaultJob,False,Default,Default,Default,Default,Default,Default,111111,Empty,RyuJit,X64,8c5e7fda-e8bf-4a96-9a85-a6e23a8c635c,.NET 6.0,False,True,False,True,Default,Default,False,False,False,Default,Default,Default,Default,Default,Default,Default,1,Default,Default,Default,Default,Default,Default,Default,Default,Default,16,Default,2,100,92.487 ms,4.5390 ms,13.3121 ms,90.349 ms,-,-,-,282 KB
NpgsqlCopyAsync,DefaultJob,False,Default,Default,Default,Default,Default,Default,111111,Empty,RyuJit,X64,8c5e7fda-e8bf-4a96-9a85-a6e23a8c635c,.NET 6.0,False,True,False,True,Default,Default,False,False,False,Default,Default,Default,Default,Default,Default,Default,1,Default,Default,Default,Default,Default,Default,Default,Default,Default,16,Default,2,100,92.570 ms,7.4119 ms,21.8542 ms,84.823 ms,-,-,-,312 KB
NpgsqlInsert_Batched_Boxed_NpgsqlDbType_Value,DefaultJob,False,Default,Default,Default,Default,Default,Default,111111,Empty,RyuJit,X64,8c5e7fda-e8bf-4a96-9a85-a6e23a8c635c,.NET 6.0,False,True,False,True,Default,Default,False,False,False,Default,Default,Default,Default,Default,Default,Default,1,Default,Default,Default,Default,Default,Default,Default,Default,Default,16,Default,2,100,93.614 ms,4.2055 ms,12.2010 ms,91.807 ms,-,-,-,282 KB
NpgsqlCopy,DefaultJob,False,Default,Default,Default,Default,Default,Default,111111,Empty,RyuJit,X64,8c5e7fda-e8bf-4a96-9a85-a6e23a8c635c,.NET 6.0,False,True,False,True,Default,Default,False,False,False,Default,Default,Default,Default,Default,Default,Default,1,Default,Default,Default,Default,Default,Default,Default,Default,Default,16,Default,10,100,94.887 ms,5.3361 ms,15.4809 ms,94.829 ms,-,-,-,306 KB
EfCoreInsert_NoAutoDetectChanges_NoQueryTracking,DefaultJob,False,Default,Default,Default,Default,Default,Default,111111,Empty,RyuJit,X64,8c5e7fda-e8bf-4a96-9a85-a6e23a8c635c,.NET 6.0,False,True,False,True,Default,Default,False,False,False,Default,Default,Default,Default,Default,Default,Default,1,Default,Default,Default,Default,Default,Default,Default,Default,Default,16,Default,2,100,96.493 ms,6.7871 ms,19.4734 ms,94.703 ms,333.3333,-,-,"1,956 KB"
EfCoreInsert_NoAutoDetectChanges_NoQueryTracking,DefaultJob,False,Default,Default,Default,Default,Default,Default,111111,Empty,RyuJit,X64,8c5e7fda-e8bf-4a96-9a85-a6e23a8c635c,.NET 6.0,False,True,False,True,Default,Default,False,False,False,Default,Default,Default,Default,Default,Default,Default,1,Default,Default,Default,Default,Default,Default,Default,Default,Default,16,Default,1,100,101.094 ms,7.9073 ms,22.8145 ms,99.576 ms,166.6667,-,-,"1,217 KB"
EfCoreInsert,DefaultJob,False,Default,Default,Default,Default,Default,Default,111111,Empty,RyuJit,X64,8c5e7fda-e8bf-4a96-9a85-a6e23a8c635c,.NET 6.0,False,True,False,True,Default,Default,False,False,False,Default,Default,Default,Default,Default,Default,Default,1,Default,Default,Default,Default,Default,Default,Default,Default,Default,16,Default,2,100,113.414 ms,9.7419 ms,28.2631 ms,105.983 ms,2000.0000,-,-,"9,952 KB"
EfCoreInsert,DefaultJob,False,Default,Default,Default,Default,Default,Default,111111,Empty,RyuJit,X64,8c5e7fda-e8bf-4a96-9a85-a6e23a8c635c,.NET 6.0,False,True,False,True,Default,Default,False,False,False,Default,Default,Default,Default,Default,Default,Default,1,Default,Default,Default,Default,Default,Default,Default,Default,Default,16,Default,1,100,121.109 ms,9.7366 ms,28.5557 ms,114.052 ms,1000.0000,166.6667,-,"5,226 KB"
NpgsqlCopyToPartitionTable,DefaultJob,False,Default,Default,Default,Default,Default,Default,111111,Empty,RyuJit,X64,8c5e7fda-e8bf-4a96-9a85-a6e23a8c635c,.NET 6.0,False,True,False,True,Default,Default,False,False,False,Default,Default,Default,Default,Default,Default,Default,1,Default,Default,Default,Default,Default,Default,Default,Default,Default,16,Default,100,100,127.854 ms,7.5400 ms,21.5120 ms,125.006 ms,250.0000,-,-,"1,715 KB"
NpgsqlCopyAsync,DefaultJob,False,Default,Default,Default,Default,Default,Default,111111,Empty,RyuJit,X64,8c5e7fda-e8bf-4a96-9a85-a6e23a8c635c,.NET 6.0,False,True,False,True,Default,Default,False,False,False,Default,Default,Default,Default,Default,Default,Default,1,Default,Default,Default,Default,Default,Default,Default,Default,Default,16,Default,100,100,128.236 ms,7.5311 ms,21.8492 ms,125.134 ms,400.0000,-,-,"1,846 KB"
NpgsqlInsert_Batched_TypedValue,DefaultJob,False,Default,Default,Default,Default,Default,Default,111111,Empty,RyuJit,X64,8c5e7fda-e8bf-4a96-9a85-a6e23a8c635c,.NET 6.0,False,True,False,True,Default,Default,False,False,False,Default,Default,Default,Default,Default,Default,Default,1,Default,Default,Default,Default,Default,Default,Default,Default,Default,16,Default,10,100,134.447 ms,8.0417 ms,23.4579 ms,133.638 ms,250.0000,-,-,"1,190 KB"
NpgsqlCopy,DefaultJob,False,Default,Default,Default,Default,Default,Default,111111,Empty,RyuJit,X64,8c5e7fda-e8bf-4a96-9a85-a6e23a8c635c,.NET 6.0,False,True,False,True,Default,Default,False,False,False,Default,Default,Default,Default,Default,Default,Default,1,Default,Default,Default,Default,Default,Default,Default,Default,Default,16,Default,100,100,136.450 ms,9.8470 ms,28.5680 ms,132.015 ms,250.0000,-,-,"1,712 KB"
NpgsqlInsert_Batched_Boxed_NpgsqlDbType_Value,DefaultJob,False,Default,Default,Default,Default,Default,Default,111111,Empty,RyuJit,X64,8c5e7fda-e8bf-4a96-9a85-a6e23a8c635c,.NET 6.0,False,True,False,True,Default,Default,False,False,False,Default,Default,Default,Default,Default,Default,Default,1,Default,Default,Default,Default,Default,Default,Default,Default,Default,16,Default,10,100,136.510 ms,7.7405 ms,22.5794 ms,132.508 ms,200.0000,-,-,"1,205 KB"
NpgsqlInsert_Batched_Boxed_NpgsqlDbType_NpgsqlValue,DefaultJob,False,Default,Default,Default,Default,Default,Default,111111,Empty,RyuJit,X64,8c5e7fda-e8bf-4a96-9a85-a6e23a8c635c,.NET 6.0,False,True,False,True,Default,Default,False,False,False,Default,Default,Default,Default,Default,Default,Default,1,Default,Default,Default,Default,Default,Default,Default,Default,Default,16,Default,10,100,138.078 ms,7.7998 ms,22.8755 ms,136.154 ms,250.0000,-,-,"1,205 KB"
NpgsqlInsert_Batched_Boxed_Value,DefaultJob,False,Default,Default,Default,Default,Default,Default,111111,Empty,RyuJit,X64,8c5e7fda-e8bf-4a96-9a85-a6e23a8c635c,.NET 6.0,False,True,False,True,Default,Default,False,False,False,Default,Default,Default,Default,Default,Default,Default,1,Default,Default,Default,Default,Default,Default,Default,Default,Default,16,Default,10,100,138.723 ms,7.9501 ms,23.0648 ms,136.624 ms,250.0000,-,-,"1,205 KB"
EfCoreInsert_NoAutoDetectChanges_NoQueryTracking,DefaultJob,False,Default,Default,Default,Default,Default,Default,111111,Empty,RyuJit,X64,8c5e7fda-e8bf-4a96-9a85-a6e23a8c635c,.NET 6.0,False,True,False,True,Default,Default,False,False,False,Default,Default,Default,Default,Default,Default,Default,1,Default,Default,Default,Default,Default,Default,Default,Default,Default,16,Default,10,100,139.149 ms,11.4348 ms,32.6242 ms,135.089 ms,1400.0000,600.0000,-,"7,846 KB"
NpgSqlInsert_SingularCommand_Boxed_NpgsqlDbType_NpgsqlValue_Prepared,DefaultJob,False,Default,Default,Default,Default,Default,Default,111111,Empty,RyuJit,X64,8c5e7fda-e8bf-4a96-9a85-a6e23a8c635c,.NET 6.0,False,True,False,True,Default,Default,False,False,False,Default,Default,Default,Default,Default,Default,Default,1,Default,Default,Default,Default,Default,Default,Default,Default,Default,16,Default,2,100,144.550 ms,5.4019 ms,15.8427 ms,143.770 ms,-,-,-,80 KB
NpgSqlInsert_SingularCommand_Boxed_NpgsqlDbType_NpgsqlValue_Prepared_Async,DefaultJob,False,Default,Default,Default,Default,Default,Default,111111,Empty,RyuJit,X64,8c5e7fda-e8bf-4a96-9a85-a6e23a8c635c,.NET 6.0,False,True,False,True,Default,Default,False,False,False,Default,Default,Default,Default,Default,Default,Default,1,Default,Default,Default,Default,Default,Default,Default,Default,Default,16,Default,2,100,151.648 ms,5.3719 ms,15.7548 ms,151.185 ms,-,-,-,292 KB
NpgSqlInsert_SingularCommand_TypedValue_Prepared,DefaultJob,False,Default,Default,Default,Default,Default,Default,111111,Empty,RyuJit,X64,8c5e7fda-e8bf-4a96-9a85-a6e23a8c635c,.NET 6.0,False,True,False,True,Default,Default,False,False,False,Default,Default,Default,Default,Default,Default,Default,1,Default,Default,Default,Default,Default,Default,Default,Default,Default,16,Default,2,100,151.798 ms,5.5228 ms,16.1974 ms,150.853 ms,-,-,-,69 KB
NpgSqlInsert_SingularCommand_TypedValue,DefaultJob,False,Default,Default,Default,Default,Default,Default,111111,Empty,RyuJit,X64,8c5e7fda-e8bf-4a96-9a85-a6e23a8c635c,.NET 6.0,False,True,False,True,Default,Default,False,False,False,Default,Default,Default,Default,Default,Default,Default,1,Default,Default,Default,Default,Default,Default,Default,Default,Default,16,Default,2,100,160.169 ms,6.7772 ms,19.8763 ms,159.982 ms,-,-,-,344 KB
NpgSqlInsert_SingularCommand_Boxed_NpgsqlDbType_NpgsqlValue,DefaultJob,False,Default,Default,Default,Default,Default,Default,111111,Empty,RyuJit,X64,8c5e7fda-e8bf-4a96-9a85-a6e23a8c635c,.NET 6.0,False,True,False,True,Default,Default,False,False,False,Default,Default,Default,Default,Default,Default,Default,1,Default,Default,Default,Default,Default,Default,Default,Default,Default,16,Default,2,100,164.546 ms,6.6332 ms,19.4540 ms,162.702 ms,-,-,-,347 KB
NpgsqlCopyWithWorkAsyncConfigureAwaitFalse,DefaultJob,False,Default,Default,Default,Default,Default,Default,111111,Empty,RyuJit,X64,8c5e7fda-e8bf-4a96-9a85-a6e23a8c635c,.NET 6.0,False,True,False,True,Default,Default,False,False,False,Default,Default,Default,Default,Default,Default,Default,1,Default,Default,Default,Default,Default,Default,Default,Default,Default,16,Default,1,100,214.436 ms,4.7337 ms,13.8083 ms,214.094 ms,-,-,-,300 KB
NpgsqlCopyWithWorkAsync,DefaultJob,False,Default,Default,Default,Default,Default,Default,111111,Empty,RyuJit,X64,8c5e7fda-e8bf-4a96-9a85-a6e23a8c635c,.NET 6.0,False,True,False,True,Default,Default,False,False,False,Default,Default,Default,Default,Default,Default,Default,1,Default,Default,Default,Default,Default,Default,Default,Default,Default,16,Default,1,100,214.573 ms,5.2939 ms,14.8445 ms,213.600 ms,-,-,-,298 KB
NpgsqlCopyWithWorkAsyncConfigureAwaitFalse,DefaultJob,False,Default,Default,Default,Default,Default,Default,111111,Empty,RyuJit,X64,8c5e7fda-e8bf-4a96-9a85-a6e23a8c635c,.NET 6.0,False,True,False,True,Default,Default,False,False,False,Default,Default,Default,Default,Default,Default,Default,1,Default,Default,Default,Default,Default,Default,Default,Default,Default,16,Default,2,100,215.386 ms,5.6785 ms,16.3837 ms,213.066 ms,-,-,-,314 KB
NpgsqlCopyWithWorkAsync,DefaultJob,False,Default,Default,Default,Default,Default,Default,111111,Empty,RyuJit,X64,8c5e7fda-e8bf-4a96-9a85-a6e23a8c635c,.NET 6.0,False,True,False,True,Default,Default,False,False,False,Default,Default,Default,Default,Default,Default,Default,1,Default,Default,Default,Default,Default,Default,Default,Default,Default,16,Default,2,100,219.073 ms,5.4352 ms,16.0259 ms,218.970 ms,-,-,-,315 KB
NpgsqlCopyWithWorkAsync,DefaultJob,False,Default,Default,Default,Default,Default,Default,111111,Empty,RyuJit,X64,8c5e7fda-e8bf-4a96-9a85-a6e23a8c635c,.NET 6.0,False,True,False,True,Default,Default,False,False,False,Default,Default,Default,Default,Default,Default,Default,1,Default,Default,Default,Default,Default,Default,Default,Default,Default,16,Default,10,100,221.900 ms,5.7014 ms,16.8106 ms,221.149 ms,-,-,-,441 KB
NpgsqlCopyWithWorkAsyncConfigureAwaitFalse,DefaultJob,False,Default,Default,Default,Default,Default,Default,111111,Empty,RyuJit,X64,8c5e7fda-e8bf-4a96-9a85-a6e23a8c635c,.NET 6.0,False,True,False,True,Default,Default,False,False,False,Default,Default,Default,Default,Default,Default,Default,1,Default,Default,Default,Default,Default,Default,Default,Default,Default,16,Default,10,100,223.887 ms,6.6759 ms,19.2616 ms,224.266 ms,-,-,-,441 KB
NpgsqlCopyWithWork,DefaultJob,False,Default,Default,Default,Default,Default,Default,111111,Empty,RyuJit,X64,8c5e7fda-e8bf-4a96-9a85-a6e23a8c635c,.NET 6.0,False,True,False,True,Default,Default,False,False,False,Default,Default,Default,Default,Default,Default,Default,1,Default,Default,Default,Default,Default,Default,Default,Default,Default,16,Default,10,100,227.737 ms,9.6472 ms,28.4449 ms,225.869 ms,-,-,-,307 KB
NpgsqlCopyWithWork,DefaultJob,False,Default,Default,Default,Default,Default,Default,111111,Empty,RyuJit,X64,8c5e7fda-e8bf-4a96-9a85-a6e23a8c635c,.NET 6.0,False,True,False,True,Default,Default,False,False,False,Default,Default,Default,Default,Default,Default,Default,1,Default,Default,Default,Default,Default,Default,Default,Default,Default,16,Default,2,100,228.556 ms,11.4511 ms,33.2219 ms,224.152 ms,-,-,-,182 KB
NpgsqlCopyWithWork,DefaultJob,False,Default,Default,Default,Default,Default,Default,111111,Empty,RyuJit,X64,8c5e7fda-e8bf-4a96-9a85-a6e23a8c635c,.NET 6.0,False,True,False,True,Default,Default,False,False,False,Default,Default,Default,Default,Default,Default,Default,1,Default,Default,Default,Default,Default,Default,Default,Default,Default,16,Default,1,100,229.591 ms,9.8735 ms,28.8014 ms,226.429 ms,-,-,-,166 KB
EfCoreInsert,DefaultJob,False,Default,Default,Default,Default,Default,Default,111111,Empty,RyuJit,X64,8c5e7fda-e8bf-4a96-9a85-a6e23a8c635c,.NET 6.0,False,True,False,True,Default,Default,False,False,False,Default,Default,Default,Default,Default,Default,Default,1,Default,Default,Default,Default,Default,Default,Default,Default,Default,16,Default,10,100,250.450 ms,19.9844 ms,57.6594 ms,236.789 ms,10000.0000,1000.0000,-,"47,722 KB"
NpgsqlCopyWithWorkAsync,DefaultJob,False,Default,Default,Default,Default,Default,Default,111111,Empty,RyuJit,X64,8c5e7fda-e8bf-4a96-9a85-a6e23a8c635c,.NET 6.0,False,True,False,True,Default,Default,False,False,False,Default,Default,Default,Default,Default,Default,Default,1,Default,Default,Default,Default,Default,Default,Default,Default,Default,16,Default,100,100,252.574 ms,8.0473 ms,22.6976 ms,249.936 ms,333.3333,-,-,"1,847 KB"
NpgsqlCopyWithWorkAsyncConfigureAwaitFalse,DefaultJob,False,Default,Default,Default,Default,Default,Default,111111,Empty,RyuJit,X64,8c5e7fda-e8bf-4a96-9a85-a6e23a8c635c,.NET 6.0,False,True,False,True,Default,Default,False,False,False,Default,Default,Default,Default,Default,Default,Default,1,Default,Default,Default,Default,Default,Default,Default,Default,Default,16,Default,100,100,252.948 ms,7.0243 ms,20.0406 ms,248.620 ms,333.3333,-,-,"1,846 KB"
NpgsqlCopyWithWork,DefaultJob,False,Default,Default,Default,Default,Default,Default,111111,Empty,RyuJit,X64,8c5e7fda-e8bf-4a96-9a85-a6e23a8c635c,.NET 6.0,False,True,False,True,Default,Default,False,False,False,Default,Default,Default,Default,Default,Default,Default,1,Default,Default,Default,Default,Default,Default,Default,Default,Default,16,Default,100,100,265.488 ms,15.2679 ms,45.0178 ms,264.743 ms,333.3333,-,-,"1,713 KB"
NpgsqlInsert_Batched_Boxed_NpgsqlDbType_NpgsqlValue,DefaultJob,False,Default,Default,Default,Default,Default,Default,111111,Empty,RyuJit,X64,8c5e7fda-e8bf-4a96-9a85-a6e23a8c635c,.NET 6.0,False,True,False,True,Default,Default,False,False,False,Default,Default,Default,Default,Default,Default,Default,1,Default,Default,Default,Default,Default,Default,Default,Default,Default,16,Default,100,100,268.199 ms,3.4410 ms,2.6865 ms,267.712 ms,2500.0000,500.0000,-,"11,646 KB"
NpgsqlInsert_Batched_Boxed_Value,DefaultJob,False,Default,Default,Default,Default,Default,Default,111111,Empty,RyuJit,X64,8c5e7fda-e8bf-4a96-9a85-a6e23a8c635c,.NET 6.0,False,True,False,True,Default,Default,False,False,False,Default,Default,Default,Default,Default,Default,Default,1,Default,Default,Default,Default,Default,Default,Default,Default,Default,16,Default,100,100,270.015 ms,4.3197 ms,5.9128 ms,268.141 ms,2500.0000,500.0000,-,"11,645 KB"
NpgsqlInsert_Batched_Boxed_NpgsqlDbType_Value,DefaultJob,False,Default,Default,Default,Default,Default,Default,111111,Empty,RyuJit,X64,8c5e7fda-e8bf-4a96-9a85-a6e23a8c635c,.NET 6.0,False,True,False,True,Default,Default,False,False,False,Default,Default,Default,Default,Default,Default,Default,1,Default,Default,Default,Default,Default,Default,Default,Default,Default,16,Default,100,100,270.315 ms,4.7210 ms,5.4367 ms,269.446 ms,2500.0000,500.0000,-,"11,645 KB"
NpgsqlInsert_Batched_TypedValue,DefaultJob,False,Default,Default,Default,Default,Default,Default,111111,Empty,RyuJit,X64,8c5e7fda-e8bf-4a96-9a85-a6e23a8c635c,.NET 6.0,False,True,False,True,Default,Default,False,False,False,Default,Default,Default,Default,Default,Default,Default,1,Default,Default,Default,Default,Default,Default,Default,Default,Default,16,Default,100,100,273.341 ms,4.8191 ms,3.7624 ms,273.563 ms,2500.0000,500.0000,-,"11,490 KB"
EfCoreInsert_NoAutoDetectChanges_NoQueryTracking,DefaultJob,False,Default,Default,Default,Default,Default,Default,111111,Empty,RyuJit,X64,8c5e7fda-e8bf-4a96-9a85-a6e23a8c635c,.NET 6.0,False,True,False,True,Default,Default,False,False,False,Default,Default,Default,Default,Default,Default,Default,1,Default,Default,Default,Default,Default,Default,Default,Default,Default,16,Default,100,100,532.815 ms,28.2682 ms,82.0113 ms,513.209 ms,12000.0000,3000.0000,-,"73,715 KB"
NpgSqlInsert_SingularCommand_TypedValue_Prepared,DefaultJob,False,Default,Default,Default,Default,Default,Default,111111,Empty,RyuJit,X64,8c5e7fda-e8bf-4a96-9a85-a6e23a8c635c,.NET 6.0,False,True,False,True,Default,Default,False,False,False,Default,Default,Default,Default,Default,Default,Default,1,Default,Default,Default,Default,Default,Default,Default,Default,Default,16,Default,100,10,713.710 ms,25.5601 ms,74.1545 ms,715.708 ms,-,-,-,339 KB
NpgSqlInsert_SingularCommand_Boxed_NpgsqlDbType_NpgsqlValue_Prepared_Async,DefaultJob,False,Default,Default,Default,Default,Default,Default,111111,Empty,RyuJit,X64,8c5e7fda-e8bf-4a96-9a85-a6e23a8c635c,.NET 6.0,False,True,False,True,Default,Default,False,False,False,Default,Default,Default,Default,Default,Default,Default,1,Default,Default,Default,Default,Default,Default,Default,Default,Default,16,Default,100,10,738.062 ms,20.9958 ms,61.2456 ms,735.745 ms,-,-,-,"1,449 KB"
NpgSqlInsert_SingularCommand_Boxed_NpgsqlDbType_NpgsqlValue_Prepared,DefaultJob,False,Default,Default,Default,Default,Default,Default,111111,Empty,RyuJit,X64,8c5e7fda-e8bf-4a96-9a85-a6e23a8c635c,.NET 6.0,False,True,False,True,Default,Default,False,False,False,Default,Default,Default,Default,Default,Default,Default,1,Default,Default,Default,Default,Default,Default,Default,Default,Default,16,Default,100,10,741.285 ms,22.4201 ms,64.6871 ms,741.322 ms,-,-,-,393 KB
NpgSqlInsert_SingularCommand_Boxed_NpgsqlDbType_NpgsqlValue_Prepared,DefaultJob,False,Default,Default,Default,Default,Default,Default,111111,Empty,RyuJit,X64,8c5e7fda-e8bf-4a96-9a85-a6e23a8c635c,.NET 6.0,False,True,False,True,Default,Default,False,False,False,Default,Default,Default,Default,Default,Default,Default,1,Default,Default,Default,Default,Default,Default,Default,Default,Default,16,Default,10,100,744.936 ms,21.6972 ms,62.9474 ms,732.383 ms,-,-,-,393 KB
NpgSqlInsert_SingularCommand_Boxed_NpgsqlDbType_NpgsqlValue_Prepared_Async,DefaultJob,False,Default,Default,Default,Default,Default,Default,111111,Empty,RyuJit,X64,8c5e7fda-e8bf-4a96-9a85-a6e23a8c635c,.NET 6.0,False,True,False,True,Default,Default,False,False,False,Default,Default,Default,Default,Default,Default,Default,1,Default,Default,Default,Default,Default,Default,Default,Default,Default,16,Default,10,100,748.416 ms,31.8767 ms,92.4801 ms,739.582 ms,-,-,-,"1,449 KB"
NpgSqlInsert_SingularCommand_TypedValue_Prepared,DefaultJob,False,Default,Default,Default,Default,Default,Default,111111,Empty,RyuJit,X64,8c5e7fda-e8bf-4a96-9a85-a6e23a8c635c,.NET 6.0,False,True,False,True,Default,Default,False,False,False,Default,Default,Default,Default,Default,Default,Default,1,Default,Default,Default,Default,Default,Default,Default,Default,Default,16,Default,10,100,755.461 ms,24.8008 ms,71.9515 ms,747.696 ms,-,-,-,339 KB
NpgSqlInsert_SingularCommand_Boxed_NpgsqlDbType_NpgsqlValue,DefaultJob,False,Default,Default,Default,Default,Default,Default,111111,Empty,RyuJit,X64,8c5e7fda-e8bf-4a96-9a85-a6e23a8c635c,.NET 6.0,False,True,False,True,Default,Default,False,False,False,Default,Default,Default,Default,Default,Default,Default,1,Default,Default,Default,Default,Default,Default,Default,Default,Default,16,Default,100,10,774.169 ms,20.4970 ms,58.8098 ms,777.870 ms,-,-,-,"1,736 KB"
NpgSqlInsert_SingularCommand_TypedValue,DefaultJob,False,Default,Default,Default,Default,Default,Default,111111,Empty,RyuJit,X64,8c5e7fda-e8bf-4a96-9a85-a6e23a8c635c,.NET 6.0,False,True,False,True,Default,Default,False,False,False,Default,Default,Default,Default,Default,Default,Default,1,Default,Default,Default,Default,Default,Default,Default,Default,Default,16,Default,100,10,807.361 ms,24.3752 ms,69.5438 ms,802.450 ms,-,-,-,"1,720 KB"
NpgSqlInsert_SingularCommand_TypedValue,DefaultJob,False,Default,Default,Default,Default,Default,Default,111111,Empty,RyuJit,X64,8c5e7fda-e8bf-4a96-9a85-a6e23a8c635c,.NET 6.0,False,True,False,True,Default,Default,False,False,False,Default,Default,Default,Default,Default,Default,Default,1,Default,Default,Default,Default,Default,Default,Default,Default,Default,16,Default,10,100,828.554 ms,30.1801 ms,87.5578 ms,824.009 ms,-,-,-,"1,720 KB"
NpgSqlInsert_SingularCommand_Boxed_NpgsqlDbType_NpgsqlValue,DefaultJob,False,Default,Default,Default,Default,Default,Default,111111,Empty,RyuJit,X64,8c5e7fda-e8bf-4a96-9a85-a6e23a8c635c,.NET 6.0,False,True,False,True,Default,Default,False,False,False,Default,Default,Default,Default,Default,Default,Default,1,Default,Default,Default,Default,Default,Default,Default,Default,Default,16,Default,10,100,839.155 ms,35.2622 ms,103.4180 ms,828.578 ms,-,-,-,"1,736 KB"
EfCoreInsert,DefaultJob,False,Default,Default,Default,Default,Default,Default,111111,Empty,RyuJit,X64,8c5e7fda-e8bf-4a96-9a85-a6e23a8c635c,.NET 6.0,False,True,False,True,Default,Default,False,False,False,Default,Default,Default,Default,Default,Default,Default,1,Default,Default,Default,Default,Default,Default,Default,Default,Default,16,Default,100,100,"1,056.022 ms",20.4512 ms,18.1295 ms,"1,050.361 ms",89000.0000,25000.0000,1000.0000,"472,263 KB"
NpgSqlInsert_SingularCommand_TypedValue_Prepared,DefaultJob,False,Default,Default,Default,Default,Default,Default,111111,Empty,RyuJit,X64,8c5e7fda-e8bf-4a96-9a85-a6e23a8c635c,.NET 6.0,False,True,False,True,Default,Default,False,False,False,Default,Default,Default,Default,Default,Default,Default,1,Default,Default,Default,Default,Default,Default,Default,Default,Default,16,Default,100,100,"7,235.320 ms",142.7902 ms,242.4685 ms,"7,240.602 ms",-,-,-,"3,362 KB"
NpgSqlInsert_SingularCommand_Boxed_NpgsqlDbType_NpgsqlValue_Prepared,DefaultJob,False,Default,Default,Default,Default,Default,Default,111111,Empty,RyuJit,X64,8c5e7fda-e8bf-4a96-9a85-a6e23a8c635c,.NET 6.0,False,True,False,True,Default,Default,False,False,False,Default,Default,Default,Default,Default,Default,Default,1,Default,Default,Default,Default,Default,Default,Default,Default,Default,16,Default,100,100,"7,290.868 ms",145.3492 ms,300.1714 ms,"7,242.689 ms",-,-,-,"3,908 KB"
NpgSqlInsert_SingularCommand_Boxed_NpgsqlDbType_NpgsqlValue_Prepared_Async,DefaultJob,False,Default,Default,Default,Default,Default,Default,111111,Empty,RyuJit,X64,8c5e7fda-e8bf-4a96-9a85-a6e23a8c635c,.NET 6.0,False,True,False,True,Default,Default,False,False,False,Default,Default,Default,Default,Default,Default,Default,1,Default,Default,Default,Default,Default,Default,Default,Default,Default,16,Default,100,100,"7,472.041 ms",148.5431 ms,335.2866 ms,"7,474.613 ms",3000.0000,-,-,"14,452 KB"
NpgSqlInsert_SingularCommand_TypedValue,DefaultJob,False,Default,Default,Default,Default,Default,Default,111111,Empty,RyuJit,X64,8c5e7fda-e8bf-4a96-9a85-a6e23a8c635c,.NET 6.0,False,True,False,True,Default,Default,False,False,False,Default,Default,Default,Default,Default,Default,Default,1,Default,Default,Default,Default,Default,Default,Default,Default,Default,16,Default,100,100,"7,880.655 ms",156.2698 ms,277.7694 ms,"7,916.975 ms",3000.0000,-,-,"17,189 KB"
NpgSqlInsert_SingularCommand_Boxed_NpgsqlDbType_NpgsqlValue,DefaultJob,False,Default,Default,Default,Default,Default,Default,111111,Empty,RyuJit,X64,8c5e7fda-e8bf-4a96-9a85-a6e23a8c635c,.NET 6.0,False,True,False,True,Default,Default,False,False,False,Default,Default,Default,Default,Default,Default,Default,1,Default,Default,Default,Default,Default,Default,Default,Default,Default,16,Default,100,100,"8,002.440 ms",159.5381 ms,356.8298 ms,"8,048.477 ms",3000.0000,-,-,"17,345 KB"
